Tag;Tag_depth;Depth_1;Depth_2;Depth_3;Depth_4;Depth_5;Depth_6
kaiseki restaurant;5;dining and drinking;restaurant;asian restaurant;japanese restaurant;kaiseki restaurant;
art museum;3;arts and entertainment;museum;art museum;;;
rental car location;3;travel and transportation;transport hub;rental car location;;;
shabu-shabu restaurant;5;dining and drinking;restaurant;asian restaurant;japanese restaurant;shabu-shabu restaurant;
peking duck restaurant;5;dining and drinking;restaurant;asian restaurant;chinese restaurant;peking duck restaurant;
loans agency;3;business and professional services;financial service;loans agency;;;
pilavcı;4;dining and drinking;restaurant;turkish restaurant;pilavcı;;
sewer contractor;3;business and professional services;home improvement service;sewer contractor;;;
pet café;3;dining and drinking;cafe, coffee, and tea house;pet café;;;
belgian restaurant;3;dining and drinking;restaurant;belgian restaurant;;;
cosmetics store;2;retail;cosmetics store;;;;
automotive service;2;business and professional services;automotive service;;;;
pier;2;travel and transportation;pier;;;;
food truck;2;dining and drinking;food truck;;;;
toll plaza;2;travel and transportation;toll plaza;;;;
family medicine doctor;3;health and medicine;physician;family medicine doctor;;;
cemetery;2;community and government;cemetery;;;;
tunnel;2;landmarks and outdoors;tunnel;;;;
college and university;3;community and government;education;college and university;;;
golf store;3;retail;sporting goods retail;golf store;;;
environmental organization;3;community and government;organization;environmental organization;;;
hookah bar;3;dining and drinking;bar;hookah bar;;;
mental health service;2;health and medicine;mental health service;;;;
pest control service;3;business and professional services;home improvement service;pest control service;;;
mauritian restaurant;4;dining and drinking;restaurant;african restaurant;mauritian restaurant;;
dance hall;2;arts and entertainment;dance hall;;;;
playground;3;landmarks and outdoors;park;playground;;;
kosher restaurant;4;dining and drinking;restaurant;jewish restaurant;kosher restaurant;;
agriculture and forestry service;2;business and professional services;agriculture and forestry service;;;;
chemicals and gasses manufacturer;2;business and professional services;chemicals and gasses manufacturer;;;;
financial service;2;business and professional services;financial service;;;;
notary;3;business and professional services;legal service;notary;;;
prison;2;community and government;prison;;;;
tennis stadium;3;arts and entertainment;stadium;tennis stadium;;;
lighting store;3;retail;furniture and home store;lighting store;;;
rescue service;4;community and government;government building;law enforcement and public safety;rescue service;;
residential building;2;community and government;residential building;;;;
cafeteria;2;dining and drinking;cafeteria;;;;
pet sitting and boarding service;3;business and professional services;pet service;pet sitting and boarding service;;;
caucasian restaurant;3;dining and drinking;restaurant;caucasian restaurant;;;
auction house;2;retail;auction house;;;;
betawinese restaurant;5;dining and drinking;restaurant;asian restaurant;indonesian restaurant;betawinese restaurant;
sundanese restaurant;5;dining and drinking;restaurant;asian restaurant;indonesian restaurant;sundanese restaurant;
strip club;2;arts and entertainment;strip club;;;;
shrine;3;community and government;spiritual center;shrine;;;
general surgeon;3;health and medicine;physician;general surgeon;;;
afghan restaurant;3;dining and drinking;restaurant;afghan restaurant;;;
housing development;2;community and government;housing development;;;;
water treatment service;2;business and professional services;water treatment service;;;;
street;2;travel and transportation;street;;;;
tennis club;4;sports and recreation;racquet sports;tennis;tennis club;;
southwestern french restaurant;4;dining and drinking;restaurant;french restaurant;southwestern french restaurant;;
dive spot;2;landmarks and outdoors;dive spot;;;;
bistro;3;dining and drinking;restaurant;bistro;;;
jiangsu restaurant;5;dining and drinking;restaurant;asian restaurant;chinese restaurant;jiangsu restaurant;
grilled meat restaurant;4;dining and drinking;restaurant;greek restaurant;grilled meat restaurant;;
textiles store;2;retail;textiles store;;;;
pedestrian plaza;2;landmarks and outdoors;pedestrian plaza;;;;
rugby;2;sports and recreation;rugby;;;;
embassy or consulate;3;community and government;government building;embassy or consulate;;;
hyderabadi restaurant;4;dining and drinking;restaurant;indian restaurant;hyderabadi restaurant;;
syrian restaurant;4;dining and drinking;restaurant;middle eastern restaurant;syrian restaurant;;
property management office;3;business and professional services;real estate service;property management office;;;
hubei restaurant;5;dining and drinking;restaurant;asian restaurant;chinese restaurant;hubei restaurant;
trailer park;2;community and government;trailer park;;;;
auditorium;2;business and professional services;auditorium;;;;
racecourse;3;sports and recreation;race track;racecourse;;;
korean bbq restaurant;5;dining and drinking;restaurant;asian restaurant;korean restaurant;korean bbq restaurant;
immigration attorney;3;business and professional services;legal service;immigration attorney;;;
cha chaan teng;5;dining and drinking;restaurant;asian restaurant;chinese restaurant;cha chaan teng;
limo service;3;travel and transportation;transportation service;limo service;;;
skate store;3;retail;sporting goods retail;skate store;;;
laundromat;2;business and professional services;laundromat;;;;
racquet sport club;3;sports and recreation;racquet sports;racquet sport club;;;
housing authority;2;community and government;housing authority;;;;
research station;2;business and professional services;research station;;;;
toy store;2;retail;toy store;;;;
dining and drinking;1;dining and drinking;;;;;
interior designer;3;business and professional services;home improvement service;interior designer;;;
savoyard restaurant;4;dining and drinking;restaurant;french restaurant;savoyard restaurant;;
employment agency;2;business and professional services;employment agency;;;;
shaanxi restaurant;5;dining and drinking;restaurant;asian restaurant;chinese restaurant;shaanxi restaurant;
bridal store;3;retail;fashion retail;bridal store;;;
neurologist;3;health and medicine;physician;neurologist;;;
promotional item service;2;business and professional services;promotional item service;;;;
public and social service;2;community and government;public and social service;;;;
kofte place;4;dining and drinking;restaurant;turkish restaurant;kofte place;;
hong kong restaurant;5;dining and drinking;restaurant;asian restaurant;chinese restaurant;hong kong restaurant;
squash court;3;sports and recreation;racquet sports;squash court;;;
botanical garden;2;landmarks and outdoors;botanical garden;;;;
animal shelter;2;community and government;animal shelter;;;;
bus line;4;travel and transportation;transportation service;public transportation;bus line;;
hospital;2;health and medicine;hospital;;;;
skating rink;3;sports and recreation;skating;skating rink;;;
aquarium;2;arts and entertainment;aquarium;;;;
organic grocery;4;retail;food and beverage retail;grocery store;organic grocery;;
gym;3;sports and recreation;gym and studio;gym;;;
mobility store;2;retail;mobility store;;;;
indian restaurant;3;dining and drinking;restaurant;indian restaurant;;;
rental service;2;business and professional services;rental service;;;;
tire repair shop;3;business and professional services;automotive service;tire repair shop;;;
north indian restaurant;4;dining and drinking;restaurant;indian restaurant;north indian restaurant;;
warehouse;2;business and professional services;warehouse;;;;
donut shop;2;dining and drinking;donut shop;;;;
martial arts dojo;2;sports and recreation;martial arts dojo;;;;
ski lodge;3;sports and recreation;snow sports;ski lodge;;;
fence contractor;3;business and professional services;home improvement service;fence contractor;;;
search engine marketing and optimization service;2;business and professional services;search engine marketing and optimization service;;;;
herbs and spices store;3;retail;food and beverage retail;herbs and spices store;;;
marche restaurant;4;dining and drinking;restaurant;italian restaurant;marche restaurant;;
basketball stadium;3;arts and entertainment;stadium;basketball stadium;;;
paper supplier;2;business and professional services;paper supplier;;;;
sake bar;3;dining and drinking;bar;sake bar;;;
awadhi restaurant;4;dining and drinking;restaurant;indian restaurant;awadhi restaurant;;
malga;4;dining and drinking;restaurant;italian restaurant;malga;;
magirio;4;dining and drinking;restaurant;greek restaurant;magirio;;
bathing area;2;landmarks and outdoors;bathing area;;;;
mover;3;business and professional services;home improvement service;mover;;;
hiking trail;2;landmarks and outdoors;hiking trail;;;;
palatine restaurant;4;dining and drinking;restaurant;german restaurant;palatine restaurant;;
boutique;2;retail;boutique;;;;
market research and consulting service;2;business and professional services;market research and consulting service;;;;
student center;4;community and government;education;college and university;student center;;
southern food restaurant;3;dining and drinking;restaurant;southern food restaurant;;;
ballroom;2;business and professional services;ballroom;;;;
club house;3;community and government;organization;club house;;;
fruit and vegetable store;3;retail;food and beverage retail;fruit and vegetable store;;;
souvlaki shop;4;dining and drinking;restaurant;greek restaurant;souvlaki shop;;
irish pub;3;dining and drinking;bar;irish pub;;;
library;2;community and government;library;;;;
lounge;3;dining and drinking;bar;lounge;;;
oil change service;3;business and professional services;automotive service;oil change service;;;
campanian restaurant;4;dining and drinking;restaurant;italian restaurant;campanian restaurant;;
calabria restaurant;4;dining and drinking;restaurant;italian restaurant;calabria restaurant;;
college track;4;community and government;education;college and university;college track;;
video games store;3;retail;computers and electronics retail;video games store;;;
rock club;4;arts and entertainment;performing arts venue;music venue;rock club;;
ice bar;3;dining and drinking;bar;ice bar;;;
cycle studio;3;sports and recreation;gym and studio;cycle studio;;;
arts and entertainment;1;arts and entertainment;;;;;
kafenio;4;dining and drinking;restaurant;greek restaurant;kafenio;;
shopping plaza;2;retail;shopping plaza;;;;
mini golf course;2;arts and entertainment;mini golf course;;;;
synagogue;3;community and government;spiritual center;synagogue;;;
distillery;2;dining and drinking;distillery;;;;
senior citizen service;2;community and government;senior citizen service;;;;
escape room;2;arts and entertainment;escape room;;;;
scuba diving instructor;3;sports and recreation;water sports;scuba diving instructor;;;
kushikatsu restaurant;5;dining and drinking;restaurant;asian restaurant;japanese restaurant;kushikatsu restaurant;
mongolian restaurant;4;dining and drinking;restaurant;asian restaurant;mongolian restaurant;;
flight school;3;community and government;education;flight school;;;
summer camp;2;community and government;summer camp;;;;
hawaiian restaurant;3;dining and drinking;restaurant;hawaiian restaurant;;;
rafting spot;3;sports and recreation;water sports;rafting spot;;;
health and beauty service;2;business and professional services;health and beauty service;;;;
hainan restaurant;5;dining and drinking;restaurant;asian restaurant;chinese restaurant;hainan restaurant;
medical supply store;2;retail;medical supply store;;;;
personal trainer;2;sports and recreation;personal trainer;;;;
bridge;2;landmarks and outdoors;bridge;;;;
botanero;4;dining and drinking;restaurant;mexican restaurant;botanero;;
medical school;4;community and government;education;college and university;medical school;;
general travel;2;travel and transportation;general travel;;;;
department store;2;retail;department store;;;;
island;2;landmarks and outdoors;island;;;;
franconian restaurant;4;dining and drinking;restaurant;german restaurant;franconian restaurant;;
housewares store;3;retail;furniture and home store;housewares store;;;
plaza;2;landmarks and outdoors;plaza;;;;
bookstore;2;retail;bookstore;;;;
fishing area;2;sports and recreation;fishing area;;;;
waste management service;2;business and professional services;waste management service;;;;
singaporean restaurant;4;dining and drinking;restaurant;asian restaurant;singaporean restaurant;;
supermarket;3;retail;food and beverage retail;supermarket;;;
anesthesiologist;3;health and medicine;physician;anesthesiologist;;;
engineer;2;business and professional services;engineer;;;;
cave;2;landmarks and outdoors;cave;;;;
harbor or marina;2;landmarks and outdoors;harbor or marina;;;;
geological service;2;business and professional services;geological service;;;;
bangladeshi restaurant;3;dining and drinking;restaurant;bangladeshi restaurant;;;
caribbean restaurant;3;dining and drinking;restaurant;caribbean restaurant;;;
soba restaurant;5;dining and drinking;restaurant;asian restaurant;japanese restaurant;soba restaurant;
petroleum supplier;2;business and professional services;petroleum supplier;;;;
bbq joint;3;dining and drinking;restaurant;bbq joint;;;
computer training school;3;community and government;education;computer training school;;;
seafood restaurant;3;dining and drinking;restaurant;seafood restaurant;;;
car parts and accessories;3;retail;automotive retail;car parts and accessories;;;
mediterranean restaurant;3;dining and drinking;restaurant;mediterranean restaurant;;;
street art;3;arts and entertainment;public art;street art;;;
convention center;2;business and professional services;convention center;;;;
xinjiang restaurant;5;dining and drinking;restaurant;asian restaurant;chinese restaurant;xinjiang restaurant;
plumber;3;business and professional services;home improvement service;plumber;;;
college library;4;community and government;education;college and university;college library;;
landmarks and outdoors;1;landmarks and outdoors;;;;;
airport ticket counter;4;travel and transportation;transport hub;airport;airport ticket counter;;
ramen restaurant;5;dining and drinking;restaurant;asian restaurant;japanese restaurant;ramen restaurant;
drive-in theater;3;arts and entertainment;movie theater;drive-in theater;;;
burrito restaurant;4;dining and drinking;restaurant;mexican restaurant;burrito restaurant;;
airport gate;4;travel and transportation;transport hub;airport;airport gate;;
state;3;landmarks and outdoors;states and municipalities;state;;;
tatar restaurant;4;dining and drinking;restaurant;eastern european restaurant;tatar restaurant;;
dizi place;5;dining and drinking;restaurant;middle eastern restaurant;persian restaurant;dizi place;
soccer store;3;retail;sporting goods retail;soccer store;;;
rooftop bar;3;dining and drinking;bar;rooftop bar;;;
water sports;2;sports and recreation;water sports;;;;
art studio;2;business and professional services;art studio;;;;
military base;4;community and government;government building;military;military base;;
medical center;2;health and medicine;medical center;;;;
alsatian restaurant;4;dining and drinking;restaurant;french restaurant;alsatian restaurant;;
drugstore;2;retail;drugstore;;;;
skating;2;sports and recreation;skating;;;;
track stadium;3;arts and entertainment;stadium;track stadium;;;
business broker;3;business and professional services;financial service;business broker;;;
modern greek restaurant;4;dining and drinking;restaurant;greek restaurant;modern greek restaurant;;
dive store;3;retail;sporting goods retail;dive store;;;
gukbap restaurant;5;dining and drinking;restaurant;asian restaurant;korean restaurant;gukbap restaurant;
roofer;3;business and professional services;home improvement service;roofer;;;
knitting store;2;retail;knitting store;;;;
music venue;3;arts and entertainment;performing arts venue;music venue;;;
mughlai restaurant;4;dining and drinking;restaurant;indian restaurant;mughlai restaurant;;
upholstery service;3;business and professional services;home improvement service;upholstery service;;;
soccer field;3;sports and recreation;soccer;soccer field;;;
karaoke bar;3;dining and drinking;bar;karaoke bar;;;
line;2;event;line;;;;
water park;2;arts and entertainment;water park;;;;
rugby stadium;3;arts and entertainment;stadium;rugby stadium;;;
online advertising service;2;business and professional services;online advertising service;;;;
turkish coffeehouse;4;dining and drinking;restaurant;turkish restaurant;turkish coffeehouse;;
shoe repair service;2;business and professional services;shoe repair service;;;;
historic and protected site;2;landmarks and outdoors;historic and protected site;;;;
hair salon;3;business and professional services;health and beauty service;hair salon;;;
sausage store;3;retail;food and beverage retail;sausage store;;;
big box store;2;retail;big box store;;;;
kebab restaurant;3;dining and drinking;restaurant;kebab restaurant;;;
tempura restaurant;5;dining and drinking;restaurant;asian restaurant;japanese restaurant;tempura restaurant;
golf;2;sports and recreation;golf;;;;
discount store;2;retail;discount store;;;;
hot spring;2;landmarks and outdoors;hot spring;;;;
dhaba;4;dining and drinking;restaurant;indian restaurant;dhaba;;
travel lounge;2;travel and transportation;travel lounge;;;;
patsa restaurant;4;dining and drinking;restaurant;greek restaurant;patsa restaurant;;
golf driving range;3;sports and recreation;golf;golf driving range;;;
tourist information and service;2;travel and transportation;tourist information and service;;;;
swimming;3;sports and recreation;water sports;swimming;;;
tram station;3;travel and transportation;transport hub;tram station;;;
comedy club;2;arts and entertainment;comedy club;;;;
multiplex;3;arts and entertainment;movie theater;multiplex;;;
snack place;2;dining and drinking;snack place;;;;
turşucu shop;3;retail;food and beverage retail;turşucu shop;;;
wagashi place;5;dining and drinking;restaurant;asian restaurant;japanese restaurant;wagashi place;
psychiatrist;3;health and medicine;physician;psychiatrist;;;
beer garden;3;dining and drinking;bar;beer garden;;;
cabin;3;travel and transportation;lodging;cabin;;;
elementary school;4;community and government;education;primary and secondary school;elementary school;;
electrician;3;business and professional services;home improvement service;electrician;;;
computers and electronics retail;2;retail;computers and electronics retail;;;;
smoke shop;2;retail;smoke shop;;;;
smog check shop;3;business and professional services;automotive service;smog check shop;;;
neighborhood;3;landmarks and outdoors;states and municipalities;neighborhood;;;
waffle shop;3;dining and drinking;dessert shop;waffle shop;;;
pool hall;2;arts and entertainment;pool hall;;;;
hotpot restaurant;4;dining and drinking;restaurant;asian restaurant;hotpot restaurant;;
hakka restaurant;5;dining and drinking;restaurant;asian restaurant;chinese restaurant;hakka restaurant;
management consultant;2;business and professional services;management consultant;;;;
writing, copywriting and technical writing service;2;business and professional services;writing, copywriting and technical writing service;;;;
new american restaurant;4;dining and drinking;restaurant;american restaurant;new american restaurant;;
rubber supplier;2;business and professional services;rubber supplier;;;;
office;2;business and professional services;office;;;;
windmill;2;landmarks and outdoors;windmill;;;;
coffee roaster;3;retail;food and beverage retail;coffee roaster;;;
modern european restaurant;3;dining and drinking;restaurant;modern european restaurant;;;
shopping mall;2;retail;shopping mall;;;;
lyonese bouchon;4;dining and drinking;restaurant;french restaurant;lyonese bouchon;;
college classroom;4;community and government;education;college and university;college classroom;;
lodge;3;travel and transportation;lodging;lodge;;;
state or provincial park;3;landmarks and outdoors;park;state or provincial park;;;
abruzzo restaurant;4;dining and drinking;restaurant;italian restaurant;abruzzo restaurant;;
basilicata restaurant;4;dining and drinking;restaurant;italian restaurant;basilicata restaurant;;
gelato shop;3;dining and drinking;dessert shop;gelato shop;;;
business service;2;business and professional services;business service;;;;
airport tram station;4;travel and transportation;transport hub;airport;airport tram station;;
lgbtq organization;3;community and government;organization;lgbtq organization;;;
dumpling restaurant;3;dining and drinking;restaurant;dumpling restaurant;;;
bunsik restaurant;5;dining and drinking;restaurant;asian restaurant;korean restaurant;bunsik restaurant;
vegan and vegetarian restaurant;3;dining and drinking;restaurant;vegan and vegetarian restaurant;;;
taxi;3;travel and transportation;transportation service;taxi;;;
corporate cafeteria;3;business and professional services;office;corporate cafeteria;;;
indoor play area;2;sports and recreation;indoor play area;;;;
poutine restaurant;3;dining and drinking;restaurant;poutine restaurant;;;
automotive repair shop;3;business and professional services;automotive service;automotive repair shop;;;
macanese restaurant;5;dining and drinking;restaurant;asian restaurant;chinese restaurant;macanese restaurant;
hunting supply store;3;retail;sporting goods retail;hunting supply store;;;
fair;2;arts and entertainment;fair;;;;
emergency service;2;health and medicine;emergency service;;;;
translation service;2;business and professional services;translation service;;;;
hot dog joint;3;dining and drinking;restaurant;hot dog joint;;;
university;4;community and government;education;college and university;university;;
bus stop;3;travel and transportation;transport hub;bus stop;;;
credit counseling and bankruptcy service;3;business and professional services;financial service;credit counseling and bankruptcy service;;;
theater;3;arts and entertainment;performing arts venue;theater;;;
lombard restaurant;4;dining and drinking;restaurant;italian restaurant;lombard restaurant;;
fondue restaurant;3;dining and drinking;restaurant;fondue restaurant;;;
udupi restaurant;4;dining and drinking;restaurant;indian restaurant;udupi restaurant;;
fashion retail;2;retail;fashion retail;;;;
marijuana dispensary;2;retail;marijuana dispensary;;;;
clothing store;3;retail;fashion retail;clothing store;;;
bosnian restaurant;4;dining and drinking;restaurant;eastern european restaurant;bosnian restaurant;;
goiano restaurant;6;dining and drinking;restaurant;latin american restaurant;south american restaurant;brazilian restaurant;goiano restaurant
print, tv, radio and outdoor advertising service;2;business and professional services;print, tv, radio and outdoor advertising service;;;;
terreiro;3;community and government;spiritual center;terreiro;;;
boat or ferry;2;travel and transportation;boat or ferry;;;;
swim school;4;sports and recreation;water sports;swimming;swim school;;
weight loss center;2;health and medicine;weight loss center;;;;
fountain;2;landmarks and outdoors;fountain;;;;
baseball field;3;sports and recreation;baseball;baseball field;;;
goan restaurant;4;dining and drinking;restaurant;indian restaurant;goan restaurant;;
bagel shop;2;dining and drinking;bagel shop;;;;
power plant;2;business and professional services;power plant;;;;
other healthcare professional;2;health and medicine;other healthcare professional;;;;
post office;3;community and government;government building;post office;;;
gujarati restaurant;4;dining and drinking;restaurant;indian restaurant;gujarati restaurant;;
burmese restaurant;4;dining and drinking;restaurant;asian restaurant;burmese restaurant;;
college cricket pitch;4;community and government;education;college and university;college cricket pitch;;
language school;3;community and government;education;language school;;;
trentino restaurant;4;dining and drinking;restaurant;italian restaurant;trentino restaurant;;
youth organization;3;community and government;organization;youth organization;;;
temple;3;community and government;spiritual center;temple;;;
friterie;3;dining and drinking;restaurant;friterie;;;
electric vehicle charging station;2;travel and transportation;electric vehicle charging station;;;;
northeast indian restaurant;4;dining and drinking;restaurant;indian restaurant;northeast indian restaurant;;
hobby store;2;retail;hobby store;;;;
nursery school;3;community and government;education;nursery school;;;
nutritionist;2;health and medicine;nutritionist;;;;
bubble tea shop;3;dining and drinking;cafe, coffee, and tea house;bubble tea shop;;;
health food store;3;retail;food and beverage retail;health food store;;;
sports club;2;sports and recreation;sports club;;;;
rhenisch restaurant;4;dining and drinking;restaurant;german restaurant;rhenisch restaurant;;
warehouse or wholesale store;2;retail;warehouse or wholesale store;;;;
stadium;2;arts and entertainment;stadium;;;;
automation and control system;2;business and professional services;automation and control system;;;;
apple wine pub;4;dining and drinking;restaurant;german restaurant;apple wine pub;;
cidery;2;dining and drinking;cidery;;;;
veterans' organization;3;community and government;organization;veterans' organization;;;
korean restaurant;4;dining and drinking;restaurant;asian restaurant;korean restaurant;;
unagi restaurant;5;dining and drinking;restaurant;asian restaurant;japanese restaurant;unagi restaurant;
romagna restaurant;4;dining and drinking;restaurant;italian restaurant;romagna restaurant;;
bossam/jokbal restaurant;5;dining and drinking;restaurant;asian restaurant;korean restaurant;bossam/jokbal restaurant;
jazz and blues venue;4;arts and entertainment;performing arts venue;music venue;jazz and blues venue;;
yakitori restaurant;5;dining and drinking;restaurant;asian restaurant;japanese restaurant;yakitori restaurant;
non-profit organization;3;community and government;organization;non-profit organization;;;
arts and crafts store;2;retail;arts and crafts store;;;;
african restaurant;3;dining and drinking;restaurant;african restaurant;;;
dam;2;landmarks and outdoors;dam;;;;
field;2;landmarks and outdoors;field;;;;
tonkatsu restaurant;5;dining and drinking;restaurant;asian restaurant;japanese restaurant;tonkatsu restaurant;
police station;4;community and government;government building;law enforcement and public safety;police station;;
food stand;2;dining and drinking;food stand;;;;
northeastern brazilian restaurant;6;dining and drinking;restaurant;latin american restaurant;south american restaurant;brazilian restaurant;northeastern brazilian restaurant
apartment or condo;3;community and government;residential building;apartment or condo;;;
movie theater;2;arts and entertainment;movie theater;;;;
legal service;2;business and professional services;legal service;;;;
memorial site;2;landmarks and outdoors;memorial site;;;;
nurse;2;health and medicine;nurse;;;;
gluten-free restaurant;3;dining and drinking;restaurant;gluten-free restaurant;;;
corsican restaurant;4;dining and drinking;restaurant;french restaurant;corsican restaurant;;
hockey rink;3;sports and recreation;hockey;hockey rink;;;
airport service;4;travel and transportation;transport hub;airport;airport service;;
fish taverna;4;dining and drinking;restaurant;greek restaurant;fish taverna;;
body piercing shop;3;business and professional services;health and beauty service;body piercing shop;;;
photography studio;3;business and professional services;photography service;photography studio;;;
motorsports store;3;retail;automotive retail;motorsports store;;;
russian restaurant;3;dining and drinking;restaurant;russian restaurant;;;
baseball store;3;retail;sporting goods retail;baseball store;;;
polish restaurant;3;dining and drinking;restaurant;polish restaurant;;;
bingo center;2;arts and entertainment;bingo center;;;;
palace;2;landmarks and outdoors;palace;;;;
stoop sale;3;event;marketplace;stoop sale;;;
roller rink;2;arts and entertainment;roller rink;;;;
other event;2;event;other event;;;;
shoe store;3;retail;fashion retail;shoe store;;;
garden;2;landmarks and outdoors;garden;;;;
chaat place;4;dining and drinking;restaurant;indian restaurant;chaat place;;
recycling facility;2;business and professional services;recycling facility;;;;
wine store;3;retail;food and beverage retail;wine store;;;
airport food court;4;travel and transportation;transport hub;airport;airport food court;;
college technology building;4;community and government;education;college and university;college technology building;;
cigkofte place;4;dining and drinking;restaurant;turkish restaurant;cigkofte place;;
janguh restaurant;5;dining and drinking;restaurant;asian restaurant;korean restaurant;janguh restaurant;
poke restaurant;4;dining and drinking;restaurant;hawaiian restaurant;poke restaurant;;
australian restaurant;3;dining and drinking;restaurant;australian restaurant;;;
filipino restaurant;4;dining and drinking;restaurant;asian restaurant;filipino restaurant;;
volleyball court;2;sports and recreation;volleyball court;;;;
curling ice;2;sports and recreation;curling ice;;;;
doctor's office;3;health and medicine;physician;doctor's office;;;
concert hall;3;arts and entertainment;performing arts venue;concert hall;;;
law enforcement and public safety;3;community and government;government building;law enforcement and public safety;;;
college soccer field;4;community and government;education;college and university;college soccer field;;
huaiyang restaurant;5;dining and drinking;restaurant;asian restaurant;chinese restaurant;huaiyang restaurant;
bank;4;business and professional services;financial service;banking and finance;bank;;
private airport;4;travel and transportation;transport hub;airport;private airport;;
ski chairlift;4;sports and recreation;snow sports;ski resort and area;ski chairlift;;
lodging;2;travel and transportation;lodging;;;;
indian chinese restaurant;3;dining and drinking;restaurant;indian chinese restaurant;;;
performing arts venue;2;arts and entertainment;performing arts venue;;;;
train;2;travel and transportation;train;;;;
night club;2;arts and entertainment;night club;;;;
gozleme place;4;dining and drinking;restaurant;turkish restaurant;gozleme place;;
tree service;3;business and professional services;home improvement service;tree service;;;
sporting goods retail;2;retail;sporting goods retail;;;;
culinary school;3;community and government;education;culinary school;;;
moving target;2;travel and transportation;moving target;;;;
tanning salon;3;business and professional services;health and beauty service;tanning salon;;;
disabled persons service;2;community and government;disabled persons service;;;;
soccer stadium;3;arts and entertainment;stadium;soccer stadium;;;
creative service;2;business and professional services;creative service;;;;
mac and cheese joint;3;dining and drinking;restaurant;mac and cheese joint;;;
film studio;2;business and professional services;film studio;;;;
homeless shelter;2;community and government;homeless shelter;;;;
mineiro restaurant;6;dining and drinking;restaurant;latin american restaurant;south american restaurant;brazilian restaurant;mineiro restaurant
tsipouro restaurant;4;dining and drinking;restaurant;greek restaurant;tsipouro restaurant;;
campground;2;landmarks and outdoors;campground;;;;
gastroenterologist;3;health and medicine;physician;gastroenterologist;;;
american restaurant;3;dining and drinking;restaurant;american restaurant;;;
college arts building;4;community and government;education;college and university;college arts building;;
garden center;2;retail;garden center;;;;
ambulance service;3;health and medicine;emergency service;ambulance service;;;
café;3;dining and drinking;cafe, coffee, and tea house;café;;;
athletic field;2;sports and recreation;athletic field;;;;
molise restaurant;4;dining and drinking;restaurant;italian restaurant;molise restaurant;;
event;1;event;;;;;
greek restaurant;3;dining and drinking;restaurant;greek restaurant;;;
beer bar;3;dining and drinking;bar;beer bar;;;
vr cafe;2;arts and entertainment;vr cafe;;;;
trade fair;3;event;marketplace;trade fair;;;
banking and finance;3;business and professional services;financial service;banking and finance;;;
utility company;2;community and government;utility company;;;;
dry cleaner;3;business and professional services;health and beauty service;dry cleaner;;;
peruvian roast chicken joint;6;dining and drinking;restaurant;latin american restaurant;south american restaurant;peruvian restaurant;peruvian roast chicken joint
toll booth;2;travel and transportation;toll booth;;;;
conference room;3;business and professional services;convention center;conference room;;;
lebanese restaurant;4;dining and drinking;restaurant;middle eastern restaurant;lebanese restaurant;;
used bookstore;3;retail;bookstore;used bookstore;;;
thai restaurant;4;dining and drinking;restaurant;asian restaurant;thai restaurant;;
race track;2;sports and recreation;race track;;;;
photography service;2;business and professional services;photography service;;;;
website designer;3;business and professional services;technology business;website designer;;;
rugby pitch;3;sports and recreation;rugby;rugby pitch;;;
real estate appraiser;3;business and professional services;real estate service;real estate appraiser;;;
food and beverage service;2;business and professional services;food and beverage service;;;;
boarding house;3;travel and transportation;lodging;boarding house;;;
breton restaurant;4;dining and drinking;restaurant;french restaurant;breton restaurant;;
ticket seller;2;arts and entertainment;ticket seller;;;;
jewish restaurant;3;dining and drinking;restaurant;jewish restaurant;;;
agriturismo;4;dining and drinking;restaurant;italian restaurant;agriturismo;;
entertainment event;2;event;entertainment event;;;;
sardinian restaurant;4;dining and drinking;restaurant;italian restaurant;sardinian restaurant;;
running club;3;sports and recreation;running and track;running club;;;
general college & university;4;community and government;education;college and university;general college & university;;
country dance club;2;arts and entertainment;country dance club;;;;
event service;2;business and professional services;event service;;;;
tour provider;3;travel and transportation;tourist information and service;tour provider;;;
takoyaki place;5;dining and drinking;restaurant;asian restaurant;japanese restaurant;takoyaki place;
road;2;travel and transportation;road;;;;
venezuelan restaurant;5;dining and drinking;restaurant;latin american restaurant;south american restaurant;venezuelan restaurant;
print store;2;retail;print store;;;;
logging service;2;business and professional services;logging service;;;;
kingdom hall;3;community and government;spiritual center;kingdom hall;;;
labour canteen;4;dining and drinking;restaurant;french restaurant;labour canteen;;
erotic museum;3;arts and entertainment;museum;erotic museum;;;
flea market;2;retail;flea market;;;;
football field;3;sports and recreation;football;football field;;;
teishoku restaurant;5;dining and drinking;restaurant;asian restaurant;japanese restaurant;teishoku restaurant;
scenic lookout;2;landmarks and outdoors;scenic lookout;;;;
dance store;2;retail;dance store;;;;
market;2;retail;market;;;;
swimming pool supply store;2;retail;swimming pool supply store;;;;
college administrative building;4;community and government;education;college and university;college administrative building;;
brasserie;4;dining and drinking;restaurant;french restaurant;brasserie;;
parking;2;travel and transportation;parking;;;;
latin american restaurant;3;dining and drinking;restaurant;latin american restaurant;;;
yunnan restaurant;5;dining and drinking;restaurant;asian restaurant;chinese restaurant;yunnan restaurant;
brewery;2;dining and drinking;brewery;;;;
psychologist;3;health and medicine;mental health service;psychologist;;;
medical lab;2;health and medicine;medical lab;;;;
security and safety;2;business and professional services;security and safety;;;;
hill;2;landmarks and outdoors;hill;;;;
travel and transportation;1;travel and transportation;;;;;
pastelaria;6;dining and drinking;restaurant;latin american restaurant;south american restaurant;brazilian restaurant;pastelaria
vape store;2;retail;vape store;;;;
doors and windows contractor;3;business and professional services;home improvement service;doors and windows contractor;;;
moroccan restaurant;3;dining and drinking;restaurant;moroccan restaurant;;;
sri lankan restaurant;3;dining and drinking;restaurant;sri lankan restaurant;;;
samgyetang restaurant;5;dining and drinking;restaurant;asian restaurant;korean restaurant;samgyetang restaurant;
planetarium;2;arts and entertainment;planetarium;;;;
party center;2;arts and entertainment;party center;;;;
guizhou restaurant;5;dining and drinking;restaurant;asian restaurant;chinese restaurant;guizhou restaurant;
home improvement service;2;business and professional services;home improvement service;;;;
oncologist;3;health and medicine;physician;oncologist;;;
arepa restaurant;4;dining and drinking;restaurant;latin american restaurant;arepa restaurant;;
moped dealership;3;retail;automotive retail;moped dealership;;;
attraction;3;arts and entertainment;amusement park;attraction;;;
other nightlife;2;nightlife spot;other nightlife;;;;
jewelry store;3;retail;fashion retail;jewelry store;;;
gym pool;3;sports and recreation;gym and studio;gym pool;;;
picnic shelter;2;landmarks and outdoors;picnic shelter;;;;
jegaraki;5;dining and drinking;restaurant;middle eastern restaurant;persian restaurant;jegaraki;
garage door supplier;3;business and professional services;home improvement service;garage door supplier;;;
taiwanese restaurant;5;dining and drinking;restaurant;asian restaurant;chinese restaurant;taiwanese restaurant;
park;2;landmarks and outdoors;park;;;;
exhibit;2;arts and entertainment;exhibit;;;;
tattoo parlor;3;business and professional services;health and beauty service;tattoo parlor;;;
hockey field;3;sports and recreation;hockey;hockey field;;;
gaming cafe;2;arts and entertainment;gaming cafe;;;;
perfume store;2;retail;perfume store;;;;
disc golf course;2;arts and entertainment;disc golf course;;;;
manadonese restaurant;5;dining and drinking;restaurant;asian restaurant;indonesian restaurant;manadonese restaurant;
central brazilian restaurant;6;dining and drinking;restaurant;latin american restaurant;south american restaurant;brazilian restaurant;central brazilian restaurant
trade school;3;community and government;education;trade school;;;
chinese restaurant;4;dining and drinking;restaurant;asian restaurant;chinese restaurant;;
canoe and kayak rental;3;sports and recreation;water sports;canoe and kayak rental;;;
reservoir;2;landmarks and outdoors;reservoir;;;;
cambodian restaurant;4;dining and drinking;restaurant;asian restaurant;cambodian restaurant;;
business center;2;business and professional services;business center;;;;
pet supplies store;2;retail;pet supplies store;;;;
heliport;3;travel and transportation;transport hub;heliport;;;
psychic and astrologer;2;arts and entertainment;psychic and astrologer;;;;
bulgarian restaurant;4;dining and drinking;restaurant;eastern european restaurant;bulgarian restaurant;;
art school;3;community and government;education;art school;;;
real estate development and title company;3;business and professional services;real estate service;real estate development and title company;;;
german pop-up restaurant;4;dining and drinking;restaurant;german restaurant;german pop-up restaurant;;
climbing gym;3;sports and recreation;gym and studio;climbing gym;;;
salvadoran restaurant;4;dining and drinking;restaurant;latin american restaurant;salvadoran restaurant;;
tech startup;3;business and professional services;office;tech startup;;;
cultural center;2;community and government;cultural center;;;;
cuban restaurant;4;dining and drinking;restaurant;caribbean restaurant;cuban restaurant;;
laboratory;2;business and professional services;laboratory;;;;
theme restaurant;3;dining and drinking;restaurant;theme restaurant;;;
lottery retailer;2;business and professional services;lottery retailer;;;;
pachinko parlor;2;arts and entertainment;pachinko parlor;;;;
yemeni restaurant;4;dining and drinking;restaurant;middle eastern restaurant;yemeni restaurant;;
vineyard;2;dining and drinking;vineyard;;;;
tabbakhi;5;dining and drinking;restaurant;middle eastern restaurant;persian restaurant;tabbakhi;
plane;4;travel and transportation;transport hub;airport;plane;;
volcano;2;landmarks and outdoors;volcano;;;;
manufacturer;2;business and professional services;manufacturer;;;;
chiropractor;2;health and medicine;chiropractor;;;;
racquetball club;3;sports and recreation;racquet sports;racquetball club;;;
karnataka restaurant;4;dining and drinking;restaurant;indian restaurant;karnataka restaurant;;
national park;3;landmarks and outdoors;park;national park;;;
dosa place;4;dining and drinking;restaurant;indian restaurant;dosa place;;
college gym;4;community and government;education;college and university;college gym;;
floating market;2;retail;floating market;;;;
factory;2;business and professional services;factory;;;;
internal medicine doctor;3;health and medicine;physician;internal medicine doctor;;;
port;2;travel and transportation;port;;;;
campaign office;3;business and professional services;office;campaign office;;;
women's health clinic;2;health and medicine;women's health clinic;;;;
football;2;sports and recreation;football;;;;
baiano restaurant;6;dining and drinking;restaurant;latin american restaurant;south american restaurant;brazilian restaurant;baiano restaurant
soccer;2;sports and recreation;soccer;;;;
forest;2;landmarks and outdoors;forest;;;;
radiologist;3;health and medicine;physician;radiologist;;;
fast food restaurant;3;dining and drinking;restaurant;fast food restaurant;;;
dance studio;3;sports and recreation;gym and studio;dance studio;;;
surf spot;2;landmarks and outdoors;surf spot;;;;
batting cages;3;sports and recreation;baseball;batting cages;;;
intersection;3;travel and transportation;road;intersection;;;
country;3;landmarks and outdoors;states and municipalities;country;;;
hunting area;2;sports and recreation;hunting area;;;;
caterer;3;business and professional services;food and beverage service;caterer;;;
kumru restaurant;4;dining and drinking;restaurant;turkish restaurant;kumru restaurant;;
costume store;2;retail;costume store;;;;
carnival;2;arts and entertainment;carnival;;;;
south american restaurant;4;dining and drinking;restaurant;latin american restaurant;south american restaurant;;
empanada restaurant;4;dining and drinking;restaurant;latin american restaurant;empanada restaurant;;
marketplace;2;event;marketplace;;;;
peruvian restaurant;5;dining and drinking;restaurant;latin american restaurant;south american restaurant;peruvian restaurant;
karaoke box;2;arts and entertainment;karaoke box;;;;
audiovisual service;2;business and professional services;audiovisual service;;;;
nightlife spot;1;nightlife spot;;;;;
truck stop;2;travel and transportation;truck stop;;;;
beijing restaurant;5;dining and drinking;restaurant;asian restaurant;chinese restaurant;beijing restaurant;
veterinarian;2;health and medicine;veterinarian;;;;
religious school;3;community and government;education;religious school;;;
photographer;3;business and professional services;photography service;photographer;;;
record store;2;retail;record store;;;;
eastern european restaurant;3;dining and drinking;restaurant;eastern european restaurant;;;
sushi restaurant;5;dining and drinking;restaurant;asian restaurant;japanese restaurant;sushi restaurant;
çöp şiş place;4;dining and drinking;restaurant;turkish restaurant;çöp şiş place;;
yoshoku restaurant;5;dining and drinking;restaurant;asian restaurant;japanese restaurant;yoshoku restaurant;
indonesian restaurant;4;dining and drinking;restaurant;asian restaurant;indonesian restaurant;;
church;3;community and government;spiritual center;church;;;
food court;2;dining and drinking;food court;;;;
college residence hall;4;community and government;education;college and university;college residence hall;;
construction supplies store;2;retail;construction supplies store;;;;
paintball field;2;sports and recreation;paintball field;;;;
car wash and detail;3;business and professional services;automotive service;car wash and detail;;;
bougatsa shop;4;dining and drinking;restaurant;greek restaurant;bougatsa shop;;
imperial restaurant;5;dining and drinking;restaurant;asian restaurant;chinese restaurant;imperial restaurant;
churrascaria;6;dining and drinking;restaurant;latin american restaurant;south american restaurant;brazilian restaurant;churrascaria
zoo exhibit;3;arts and entertainment;zoo;zoo exhibit;;;
art gallery;2;arts and entertainment;art gallery;;;;
city hall;3;community and government;government building;city hall;;;
badminton court;3;sports and recreation;racquet sports;badminton court;;;
sikh temple;3;community and government;spiritual center;sikh temple;;;
bus station;3;travel and transportation;transport hub;bus station;;;
social club;2;community and government;social club;;;;
gun store;3;retail;sporting goods retail;gun store;;;
shipping, freight, and material transportation service;2;business and professional services;shipping, freight, and material transportation service;;;;
music store;2;retail;music store;;;;
government department;3;community and government;government building;government department;;;
assisted living service;2;health and medicine;assisted living service;;;;
sports and recreation;1;sports and recreation;;;;;
camera store;3;retail;computers and electronics retail;camera store;;;
new car dealership;4;retail;automotive retail;car dealership;new car dealership;;
beach bar;3;dining and drinking;bar;beach bar;;;
hospital unit;3;health and medicine;hospital;hospital unit;;;
polling place;2;community and government;polling place;;;;
puglia restaurant;4;dining and drinking;restaurant;italian restaurant;puglia restaurant;;
egyptian restaurant;4;dining and drinking;restaurant;middle eastern restaurant;egyptian restaurant;;
gilaki restaurant;5;dining and drinking;restaurant;middle eastern restaurant;persian restaurant;gilaki restaurant;
confucian temple;3;community and government;spiritual center;confucian temple;;;
pakistani restaurant;3;dining and drinking;restaurant;pakistani restaurant;;;
hockey club;3;sports and recreation;hockey;hockey club;;;
indonesian meatball restaurant;5;dining and drinking;restaurant;asian restaurant;indonesian restaurant;indonesian meatball restaurant;
candy store;3;retail;food and beverage retail;candy store;;;
satay restaurant;4;dining and drinking;restaurant;asian restaurant;satay restaurant;;
football stadium;3;arts and entertainment;stadium;football stadium;;;
ski store;3;retail;sporting goods retail;ski store;;;
transmissions shop;3;business and professional services;automotive service;transmissions shop;;;
dermatologist;3;health and medicine;physician;dermatologist;;;
farm;2;landmarks and outdoors;farm;;;;
baseball;2;sports and recreation;baseball;;;;
geriatric doctor;3;health and medicine;physician;geriatric doctor;;;
speakeasy;3;dining and drinking;bar;speakeasy;;;
college lab;4;community and government;education;college and university;college lab;;
men's store;3;retail;fashion retail;men's store;;;
podiatrist;2;health and medicine;podiatrist;;;;
hostel;3;travel and transportation;lodging;hostel;;;
convenience store;2;retail;convenience store;;;;
street fair;3;event;marketplace;street fair;;;
bowling alley;2;arts and entertainment;bowling alley;;;;
assisted living;2;community and government;assisted living;;;;
paella restaurant;4;dining and drinking;restaurant;spanish restaurant;paella restaurant;;
college engineering building;4;community and government;education;college and university;college engineering building;;
video store;2;retail;video store;;;;
amphitheater;3;arts and entertainment;performing arts venue;amphitheater;;;
town hall;2;community and government;town hall;;;;
county;3;landmarks and outdoors;states and municipalities;county;;;
comfort food restaurant;3;dining and drinking;restaurant;comfort food restaurant;;;
mental health clinic;3;health and medicine;mental health service;mental health clinic;;;
cannabis store;2;retail;cannabis store;;;;
hindu temple;3;community and government;spiritual center;hindu temple;;;
pelmeni house;4;dining and drinking;restaurant;russian restaurant;pelmeni house;;
human resources agency;2;business and professional services;human resources agency;;;;
college stadium;4;community and government;education;college and university;college stadium;;
tailor;2;business and professional services;tailor;;;;
funeral home;2;business and professional services;funeral home;;;;
corporate amenity;3;business and professional services;office;corporate amenity;;;
lingerie store;3;retail;fashion retail;lingerie store;;;
shandong restaurant;5;dining and drinking;restaurant;asian restaurant;chinese restaurant;shandong restaurant;
spa;3;business and professional services;health and beauty service;spa;;;
general entertainment;2;arts and entertainment;general entertainment;;;;
massage clinic;3;business and professional services;health and beauty service;massage clinic;;;
event space;2;business and professional services;event space;;;;
auto workshop;2;retail;auto workshop;;;;
mountain;2;landmarks and outdoors;mountain;;;;
padangnese restaurant;5;dining and drinking;restaurant;asian restaurant;indonesian restaurant;padangnese restaurant;
office building;3;business and professional services;office;office building;;;
credit union;4;business and professional services;financial service;banking and finance;credit union;;
colombian restaurant;5;dining and drinking;restaurant;latin american restaurant;south american restaurant;colombian restaurant;
circus school;3;community and government;education;circus school;;;
board store;2;retail;board store;;;;
mountain hut;2;landmarks and outdoors;mountain hut;;;;
home (private);3;community and government;residential building;home (private);;;
juice bar;2;dining and drinking;juice bar;;;;
kale pache place;5;dining and drinking;restaurant;middle eastern restaurant;persian restaurant;kale pache place;
travel agency;2;travel and transportation;travel agency;;;;
jiangxi restaurant;5;dining and drinking;restaurant;asian restaurant;chinese restaurant;jiangxi restaurant;
anhui restaurant;5;dining and drinking;restaurant;asian restaurant;chinese restaurant;anhui restaurant;
renewable energy service;2;business and professional services;renewable energy service;;;;
hotel;3;travel and transportation;lodging;hotel;;;
kokoreç restaurant;4;dining and drinking;restaurant;turkish restaurant;kokoreç restaurant;;
restaurant;2;dining and drinking;restaurant;;;;
wine bar;3;dining and drinking;bar;wine bar;;;
swabian restaurant;4;dining and drinking;restaurant;german restaurant;swabian restaurant;;
carpet and flooring contractor;3;business and professional services;home improvement service;carpet and flooring contractor;;;
community and government;1;community and government;;;;;
taxi stand;3;travel and transportation;transport hub;taxi stand;;;
bed and breakfast;3;travel and transportation;lodging;bed and breakfast;;;
punjabi restaurant;4;dining and drinking;restaurant;indian restaurant;punjabi restaurant;;
provençal restaurant;4;dining and drinking;restaurant;french restaurant;provençal restaurant;;
indie movie theater;3;arts and entertainment;movie theater;indie movie theater;;;
health and medicine;1;health and medicine;;;;;
bakery;2;dining and drinking;bakery;;;;
norman restaurant;4;dining and drinking;restaurant;french restaurant;norman restaurant;;
emergency room;3;health and medicine;emergency service;emergency room;;;
multicuisine indian restaurant;4;dining and drinking;restaurant;indian restaurant;multicuisine indian restaurant;;
urban park;3;landmarks and outdoors;park;urban park;;;
international airport;4;travel and transportation;transport hub;airport;international airport;;
shanxi restaurant;5;dining and drinking;restaurant;asian restaurant;chinese restaurant;shanxi restaurant;
adult store;2;retail;adult store;;;;
swimming pool maintenance and service;3;business and professional services;home improvement service;swimming pool maintenance and service;;;
ski resort and area;3;sports and recreation;snow sports;ski resort and area;;;
running and track;2;sports and recreation;running and track;;;;
football club;3;sports and recreation;football;football club;;;
obstetrician gynecologist (ob-gyn);3;health and medicine;physician;obstetrician gynecologist (ob-gyn);;;
turkish restaurant;3;dining and drinking;restaurant;turkish restaurant;;;
optometrist;2;health and medicine;optometrist;;;;
farmers market;3;retail;food and beverage retail;farmers market;;;
swimwear store;3;retail;fashion retail;swimwear store;;;
physician;2;health and medicine;physician;;;;
rail station;3;travel and transportation;transport hub;rail station;;;
public relations firm;2;business and professional services;public relations firm;;;;
respiratory doctor;3;health and medicine;physician;respiratory doctor;;;
soup spot;3;dining and drinking;restaurant;soup spot;;;
ice cream parlor;3;dining and drinking;dessert shop;ice cream parlor;;;
fishing store;3;retail;sporting goods retail;fishing store;;;
dessert shop;2;dining and drinking;dessert shop;;;;
baggage locker;2;travel and transportation;baggage locker;;;;
software company;3;business and professional services;technology business;software company;;;
ligurian restaurant;4;dining and drinking;restaurant;italian restaurant;ligurian restaurant;;
financial planner;3;business and professional services;financial service;financial planner;;;
cocktail bar;3;dining and drinking;bar;cocktail bar;;;
picnic area;3;landmarks and outdoors;park;picnic area;;;
charity;3;community and government;organization;charity;;;
food distribution center;3;business and professional services;food and beverage service;food distribution center;;;
college basketball court;4;community and government;education;college and university;college basketball court;;
college football field;4;community and government;education;college and university;college football field;;
donburi restaurant;5;dining and drinking;restaurant;asian restaurant;japanese restaurant;donburi restaurant;
village;3;landmarks and outdoors;states and municipalities;village;;;
waterfront;2;landmarks and outdoors;waterfront;;;;
mamak restaurant;5;dining and drinking;restaurant;asian restaurant;malay restaurant;mamak restaurant;
japanese curry restaurant;5;dining and drinking;restaurant;asian restaurant;japanese restaurant;japanese curry restaurant;
college rec center;4;community and government;education;college and university;college rec center;;
batik store;3;retail;fashion retail;batik store;;;
metals supplier;2;business and professional services;metals supplier;;;;
creperie;2;dining and drinking;creperie;;;;
zhejiang restaurant;5;dining and drinking;restaurant;asian restaurant;chinese restaurant;zhejiang restaurant;
college academic building;4;community and government;education;college and university;college academic building;;
college communications building;4;community and government;education;college and university;college communications building;;
belarusian restaurant;4;dining and drinking;restaurant;eastern european restaurant;belarusian restaurant;;
ouzeri;4;dining and drinking;restaurant;greek restaurant;ouzeri;;
currency exchange;3;business and professional services;financial service;currency exchange;;;
gun range;2;sports and recreation;gun range;;;;
kitchen supply store;3;retail;furniture and home store;kitchen supply store;;;
outlet mall;2;retail;outlet mall;;;;
stable;2;landmarks and outdoors;stable;;;;
breakfast spot;2;dining and drinking;breakfast spot;;;;
watch store;3;retail;fashion retail;watch store;;;
airport terminal;4;travel and transportation;transport hub;airport;airport terminal;;
music festival;3;event;entertainment event;music festival;;;
home inspection;3;business and professional services;home improvement service;home inspection;;;
monument;2;landmarks and outdoors;monument;;;;
entertainment agency;2;business and professional services;entertainment agency;;;;
carpenter;3;business and professional services;home improvement service;carpenter;;;
silesian restaurant;4;dining and drinking;restaurant;german restaurant;silesian restaurant;;
leather goods store;2;retail;leather goods store;;;;
classic and antique car dealership;4;retail;automotive retail;car dealership;classic and antique car dealership;;
stationery store;2;retail;stationery store;;;;
recreation center;2;sports and recreation;recreation center;;;;
technology business;2;business and professional services;technology business;;;;
grocery store;3;retail;food and beverage retail;grocery store;;;
dog park;3;landmarks and outdoors;park;dog park;;;
mobile phone store;3;retail;computers and electronics retail;mobile phone store;;;
burger joint;3;dining and drinking;restaurant;burger joint;;;
pet service;2;business and professional services;pet service;;;;
swimming pool;4;sports and recreation;water sports;swimming;swimming pool;;
addiction treatment center;2;community and government;addiction treatment center;;;;
basque restaurant;4;dining and drinking;restaurant;french restaurant;basque restaurant;;
primary and secondary school;3;community and government;education;primary and secondary school;;;
furniture and home store;2;retail;furniture and home store;;;;
burgundian restaurant;4;dining and drinking;restaurant;french restaurant;burgundian restaurant;;
estaminet;4;dining and drinking;restaurant;french restaurant;estaminet;;
sandwich spot;3;dining and drinking;restaurant;sandwich spot;;;
skin care clinic;3;business and professional services;health and beauty service;skin care clinic;;;
cajun and creole restaurant;3;dining and drinking;restaurant;cajun and creole restaurant;;;
acupuncture clinic;2;health and medicine;acupuncture clinic;;;;
german restaurant;3;dining and drinking;restaurant;german restaurant;;;
southern brazilian restaurant;6;dining and drinking;restaurant;latin american restaurant;south american restaurant;brazilian restaurant;southern brazilian restaurant
dairy store;3;retail;food and beverage retail;dairy store;;;
disc golf;2;arts and entertainment;disc golf;;;;
samba school;2;arts and entertainment;samba school;;;;
information technology service ;3;business and professional services;technology business;information technology service ;;;
tutoring service;2;business and professional services;tutoring service;;;;
retail;1;retail;;;;;
blini house;4;dining and drinking;restaurant;russian restaurant;blini house;;
car dealership;3;retail;automotive retail;car dealership;;;
driving school;3;community and government;education;driving school;;;
steakhouse;3;dining and drinking;restaurant;steakhouse;;;
hot air balloon tour agency;2;travel and transportation;hot air balloon tour agency;;;;
manchu restaurant;5;dining and drinking;restaurant;asian restaurant;chinese restaurant;manchu restaurant;
metro station;3;travel and transportation;transport hub;metro station;;;
tuscan restaurant;4;dining and drinking;restaurant;italian restaurant;tuscan restaurant;;
capitol building;3;community and government;government building;capitol building;;;
gastropub;3;dining and drinking;restaurant;gastropub;;;
marine terminal;3;travel and transportation;transport hub;marine terminal;;;
asian restaurant;3;dining and drinking;restaurant;asian restaurant;;;
scottish restaurant;3;dining and drinking;restaurant;scottish restaurant;;;
states and municipalities;2;landmarks and outdoors;states and municipalities;;;;
monjayaki restaurant;5;dining and drinking;restaurant;asian restaurant;japanese restaurant;monjayaki restaurant;
iraqi restaurant;4;dining and drinking;restaurant;middle eastern restaurant;iraqi restaurant;;
honduran restaurant;4;dining and drinking;restaurant;latin american restaurant;honduran restaurant;;
ethiopian restaurant;4;dining and drinking;restaurant;african restaurant;ethiopian restaurant;;
alternative medicine clinic;2;health and medicine;alternative medicine clinic;;;;
noodle restaurant;4;dining and drinking;restaurant;asian restaurant;noodle restaurant;;
spiritual center;2;community and government;spiritual center;;;;
automotive retail;2;retail;automotive retail;;;;
surf store;3;retail;sporting goods retail;surf store;;;
ear, nose and throat doctor;3;health and medicine;physician;ear, nose and throat doctor;;;
industrial estate;2;business and professional services;industrial estate;;;;
ski trail;4;sports and recreation;snow sports;ski resort and area;ski trail;;
dump;2;community and government;dump;;;;
cantonese restaurant;5;dining and drinking;restaurant;asian restaurant;chinese restaurant;cantonese restaurant;
auvergne restaurant;4;dining and drinking;restaurant;french restaurant;auvergne restaurant;;
basketball club;3;sports and recreation;basketball;basketball club;;;
college theater;4;community and government;education;college and university;college theater;;
doner restaurant;4;dining and drinking;restaurant;turkish restaurant;doner restaurant;;
college history building;4;community and government;education;college and university;college history building;;
vintage and thrift store;2;retail;vintage and thrift store;;;;
slovak restaurant;3;dining and drinking;restaurant;slovak restaurant;;;
outdoor supply store;2;retail;outdoor supply store;;;;
meadery;2;dining and drinking;meadery;;;;
canal;2;landmarks and outdoors;canal;;;;
smoothie shop;2;dining and drinking;smoothie shop;;;;
duty-free store;2;retail;duty-free store;;;;
painter;3;business and professional services;home improvement service;painter;;;
hunan restaurant;5;dining and drinking;restaurant;asian restaurant;chinese restaurant;hunan restaurant;
canal lock;2;landmarks and outdoors;canal lock;;;;
chinese breakfast restaurant;5;dining and drinking;restaurant;asian restaurant;chinese restaurant;chinese breakfast restaurant;
laser tag center;2;arts and entertainment;laser tag center;;;;
dentist;2;health and medicine;dentist;;;;
himalayan restaurant;4;dining and drinking;restaurant;asian restaurant;himalayan restaurant;;
pub;3;dining and drinking;bar;pub;;;
outdoor sculpture;3;arts and entertainment;public art;outdoor sculpture;;;
sporting event;3;event;entertainment event;sporting event;;;
food and beverage retail;2;retail;food and beverage retail;;;;
other great outdoors;2;landmarks and outdoors;other great outdoors;;;;
fish market;3;retail;food and beverage retail;fish market;;;
middle school;4;community and government;education;primary and secondary school;middle school;;
portuguese restaurant;3;dining and drinking;restaurant;portuguese restaurant;;;
design studio;2;business and professional services;design studio;;;;
import and export service;2;business and professional services;import and export service;;;;
baseball stadium;3;arts and entertainment;stadium;baseball stadium;;;
baseball club;3;sports and recreation;baseball;baseball club;;;
kosher store;3;retail;food and beverage retail;kosher store;;;
sailing club;3;sports and recreation;water sports;sailing club;;;
indian sweet shop;4;dining and drinking;restaurant;indian restaurant;indian sweet shop;;
packaging supply store;2;retail;packaging supply store;;;;
office supply store;2;retail;office supply store;;;;
supplement store;2;retail;supplement store;;;;
motorcycle repair shop;3;business and professional services;automotive service;motorcycle repair shop;;;
irani cafe;4;dining and drinking;restaurant;indian restaurant;irani cafe;;
japanese restaurant;4;dining and drinking;restaurant;asian restaurant;japanese restaurant;;
deli;3;dining and drinking;restaurant;deli;;;
luggage store;2;retail;luggage store;;;;
waterfall;2;landmarks and outdoors;waterfall;;;;
country club;2;arts and entertainment;country club;;;;
hockey stadium;3;arts and entertainment;stadium;hockey stadium;;;
bowling green;2;sports and recreation;bowling green;;;;
vacation rental;3;travel and transportation;lodging;vacation rental;;;
platform;2;travel and transportation;platform;;;;
gay bar;3;dining and drinking;bar;gay bar;;;
molecular gastronomy restaurant;3;dining and drinking;restaurant;molecular gastronomy restaurant;;;
cable car;2;travel and transportation;cable car;;;;
business and professional services;1;business and professional services;;;;;
urologist;3;health and medicine;physician;urologist;;;
government building;2;community and government;government building;;;;
miscellaneous store;2;retail;miscellaneous store;;;;
piano bar;3;dining and drinking;bar;piano bar;;;
taco restaurant;4;dining and drinking;restaurant;mexican restaurant;taco restaurant;;
music school;3;community and government;education;music school;;;
towing service;3;business and professional services;automotive service;towing service;;;
track;3;sports and recreation;running and track;track;;;
motorcycle dealership;3;retail;automotive retail;motorcycle dealership;;;
chocolate store;3;retail;food and beverage retail;chocolate store;;;
orthopedic surgeon;3;health and medicine;physician;orthopedic surgeon;;;
direct mail and email marketing service;2;business and professional services;direct mail and email marketing service;;;;
catalan restaurant;4;dining and drinking;restaurant;french restaurant;catalan restaurant;;
charter bus;3;travel and transportation;transportation service;charter bus;;;
sauna;2;sports and recreation;sauna;;;;
söğüş place;4;dining and drinking;restaurant;turkish restaurant;söğüş place;;
community college;4;community and government;education;college and university;community college;;
pathologist;3;health and medicine;physician;pathologist;;;
cafe, coffee, and tea house;2;dining and drinking;cafe, coffee, and tea house;;;;
college tennis court;4;community and government;education;college and university;college tennis court;;
hotel pool;4;travel and transportation;lodging;hotel;hotel pool;;
tree;2;landmarks and outdoors;tree;;;;
turkish home cooking restaurant;4;dining and drinking;restaurant;turkish restaurant;turkish home cooking restaurant;;
indie theater;3;arts and entertainment;performing arts venue;indie theater;;;
education;2;community and government;education;;;;
rajasthani restaurant;4;dining and drinking;restaurant;indian restaurant;rajasthani restaurant;;
party supply store;2;retail;party supply store;;;;
outdoor event space;2;business and professional services;outdoor event space;;;;
business and strategy consulting office;3;business and professional services;office;business and strategy consulting office;;;
law office;3;business and professional services;legal service;law office;;;
shawarma restaurant;4;dining and drinking;restaurant;middle eastern restaurant;shawarma restaurant;;
town;3;landmarks and outdoors;states and municipalities;town;;;
ukrainian restaurant;3;dining and drinking;restaurant;ukrainian restaurant;;;
tapiocaria;6;dining and drinking;restaurant;latin american restaurant;south american restaurant;brazilian restaurant;tapiocaria
monastery;3;community and government;spiritual center;monastery;;;
ch'ti restaurant;4;dining and drinking;restaurant;french restaurant;ch'ti restaurant;;
science museum;3;arts and entertainment;museum;science museum;;;
military;3;community and government;government building;military;;;
gymnastics center;3;sports and recreation;gymnastics;gymnastics center;;;
college bookstore;4;community and government;education;college and university;college bookstore;;
fireworks store;2;retail;fireworks store;;;;
wholesaler;2;business and professional services;wholesaler;;;;
hardware store;2;retail;hardware store;;;;
maternity clinic;2;health and medicine;maternity clinic;;;;
accounting and bookkeeping service;3;business and professional services;financial service;accounting and bookkeeping service;;;
mattress store;3;retail;furniture and home store;mattress store;;;
balinese restaurant;5;dining and drinking;restaurant;asian restaurant;indonesian restaurant;balinese restaurant;
hair removal service;3;business and professional services;health and beauty service;hair removal service;;;
outlet store;2;retail;outlet store;;;;
amusement park;2;arts and entertainment;amusement park;;;;
sculpture garden;2;landmarks and outdoors;sculpture garden;;;;
wedding hall;2;business and professional services;wedding hall;;;;
airport lounge;4;travel and transportation;transport hub;airport;airport lounge;;
middle eastern restaurant;3;dining and drinking;restaurant;middle eastern restaurant;;;
carpet store;3;retail;furniture and home store;carpet store;;;
coworking space;3;business and professional services;office;coworking space;;;
salad restaurant;3;dining and drinking;restaurant;salad restaurant;;;
butcher;3;retail;food and beverage retail;butcher;;;
building and land surveyor;3;business and professional services;real estate service;building and land surveyor;;;
vietnamese restaurant;4;dining and drinking;restaurant;asian restaurant;vietnamese restaurant;;
healthcare clinic;2;health and medicine;healthcare clinic;;;;
jain restaurant;4;dining and drinking;restaurant;indian restaurant;jain restaurant;;
conference;2;event;conference;;;;
arcade;2;arts and entertainment;arcade;;;;
beach;2;landmarks and outdoors;beach;;;;
photography lab;3;business and professional services;photography service;photography lab;;;
scandinavian restaurant;3;dining and drinking;restaurant;scandinavian restaurant;;;
betting shop;2;retail;betting shop;;;;
preschool;3;community and government;education;preschool;;;
puerto rican restaurant;4;dining and drinking;restaurant;caribbean restaurant;puerto rican restaurant;;
public bathroom;2;community and government;public bathroom;;;;
sunglasses store;3;retail;fashion retail;sunglasses store;;;
aosta restaurant;4;dining and drinking;restaurant;italian restaurant;aosta restaurant;;
pastry shop;3;dining and drinking;dessert shop;pastry shop;;;
advertising agency;2;business and professional services;advertising agency;;;;
atm;4;business and professional services;financial service;banking and finance;atm;;
yoga studio;3;sports and recreation;gym and studio;yoga studio;;;
armenian restaurant;3;dining and drinking;restaurant;armenian restaurant;;;
appraiser;2;business and professional services;appraiser;;;;
ophthalmologist;3;health and medicine;physician;ophthalmologist;;;
nail salon;3;business and professional services;health and beauty service;nail salon;;;
javanese restaurant;5;dining and drinking;restaurant;asian restaurant;indonesian restaurant;javanese restaurant;
currywurst joint;4;dining and drinking;restaurant;german restaurant;currywurst joint;;
hungarian restaurant;3;dining and drinking;restaurant;hungarian restaurant;;;
boat launch;2;landmarks and outdoors;boat launch;;;;
social services organization;3;community and government;organization;social services organization;;;
bathroom contractor;3;business and professional services;home improvement service;bathroom contractor;;;
college baseball diamond;4;community and government;education;college and university;college baseball diamond;;
champagne bar;3;dining and drinking;bar;champagne bar;;;
okonomiyaki restaurant;5;dining and drinking;restaurant;asian restaurant;japanese restaurant;okonomiyaki restaurant;
tiki bar;3;dining and drinking;bar;tiki bar;;;
art restoration service;2;business and professional services;art restoration service;;;;
dongbei restaurant;5;dining and drinking;restaurant;asian restaurant;chinese restaurant;dongbei restaurant;
light rail station;3;travel and transportation;transport hub;light rail station;;;
general contractor;3;business and professional services;home improvement service;general contractor;;;
piadineria;4;dining and drinking;restaurant;italian restaurant;piadineria;;
whisky bar;3;dining and drinking;bar;whisky bar;;;
motel;3;travel and transportation;lodging;motel;;;
fish and chips shop;3;dining and drinking;restaurant;fish and chips shop;;;
blood bank;2;health and medicine;blood bank;;;;
lighthouse;2;landmarks and outdoors;lighthouse;;;;
eyecare store;2;retail;eyecare store;;;;
maharashtrian restaurant;4;dining and drinking;restaurant;indian restaurant;maharashtrian restaurant;;
dive bar;3;dining and drinking;bar;dive bar;;;
kitchen remodeler;3;business and professional services;home improvement service;kitchen remodeler;;;
golf course;3;sports and recreation;golf;golf course;;;
child care service;2;business and professional services;child care service;;;;
gym and studio;2;sports and recreation;gym and studio;;;;
locksmith;2;business and professional services;locksmith;;;;
commercial real estate developer;3;business and professional services;real estate service;commercial real estate developer;;;
college hockey rink;4;community and government;education;college and university;college hockey rink;;
taverna;4;dining and drinking;restaurant;greek restaurant;taverna;;
mobile company;2;business and professional services;mobile company;;;;
ski chalet;3;sports and recreation;snow sports;ski chalet;;;
bike trail;2;landmarks and outdoors;bike trail;;;;
refrigeration and ice supplier;2;business and professional services;refrigeration and ice supplier;;;;
udon restaurant;5;dining and drinking;restaurant;asian restaurant;japanese restaurant;udon restaurant;
city;3;landmarks and outdoors;states and municipalities;city;;;
labor union;3;community and government;organization;labor union;;;
go kart track;2;arts and entertainment;go kart track;;;;
framing store;2;retail;framing store;;;;
sports bar;3;dining and drinking;bar;sports bar;;;
public art;2;arts and entertainment;public art;;;;
snow sports;2;sports and recreation;snow sports;;;;
antique store;2;retail;antique store;;;;
empada house;6;dining and drinking;restaurant;latin american restaurant;south american restaurant;brazilian restaurant;empada house
women's store;3;retail;fashion retail;women's store;;;
fujian restaurant;5;dining and drinking;restaurant;asian restaurant;chinese restaurant;fujian restaurant;
baby store;2;retail;baby store;;;;
natural park;3;landmarks and outdoors;park;natural park;;;
airfield;4;travel and transportation;transport hub;airport;airfield;;
high school;4;community and government;education;primary and secondary school;high school;;
tennis court;4;sports and recreation;racquet sports;tennis;tennis court;;
ash and haleem place;5;dining and drinking;restaurant;middle eastern restaurant;persian restaurant;ash and haleem place;
night market;2;dining and drinking;night market;;;;
buffet;3;dining and drinking;restaurant;buffet;;;
szechuan restaurant;5;dining and drinking;restaurant;asian restaurant;chinese restaurant;szechuan restaurant;
wings joint;3;dining and drinking;restaurant;wings joint;;;
kurdish restaurant;4;dining and drinking;restaurant;middle eastern restaurant;kurdish restaurant;;
soccer club;3;sports and recreation;soccer;soccer club;;;
tennis;3;sports and recreation;racquet sports;tennis;;;
corporate housing agency;3;business and professional services;office;corporate housing agency;;;
umbrian restaurant;4;dining and drinking;restaurant;italian restaurant;umbrian restaurant;;
pizzeria;3;dining and drinking;restaurant;pizzeria;;;
plastic surgeon;3;health and medicine;physician;plastic surgeon;;;
well;2;landmarks and outdoors;well;;;;
coffee shop;3;dining and drinking;cafe, coffee, and tea house;coffee shop;;;
pet grooming service;3;business and professional services;pet service;pet grooming service;;;
convention;2;event;convention;;;;
acehnese restaurant;5;dining and drinking;restaurant;asian restaurant;indonesian restaurant;acehnese restaurant;
french restaurant;3;dining and drinking;restaurant;french restaurant;;;
landscaper and gardener;3;business and professional services;home improvement service;landscaper and gardener;;;
surfing;3;sports and recreation;water sports;surfing;;;
transport hub;2;travel and transportation;transport hub;;;;
bike rental;2;travel and transportation;bike rental;;;;
fire station;4;community and government;government building;law enforcement and public safety;fire station;;
golf club;3;sports and recreation;golf;golf club;;;
physical therapy clinic;2;health and medicine;physical therapy clinic;;;;
southeastern brazilian restaurant;6;dining and drinking;restaurant;latin american restaurant;south american restaurant;brazilian restaurant;southeastern brazilian restaurant
insurance agency;2;business and professional services;insurance agency;;;;
kerala restaurant;4;dining and drinking;restaurant;indian restaurant;kerala restaurant;;
christmas market;3;event;marketplace;christmas market;;;
swiss restaurant;3;dining and drinking;restaurant;swiss restaurant;;;
meze restaurant;4;dining and drinking;restaurant;greek restaurant;meze restaurant;;
hotel bar;3;dining and drinking;bar;hotel bar;;;
parsi restaurant;4;dining and drinking;restaurant;indian restaurant;parsi restaurant;;
veneto restaurant;4;dining and drinking;restaurant;italian restaurant;veneto restaurant;;
cruise;2;travel and transportation;cruise;;;;
home health care service;2;health and medicine;home health care service;;;;
equipment rental service;2;business and professional services;equipment rental service;;;;
airport;3;travel and transportation;transport hub;airport;;;
children's clothing store;3;retail;fashion retail;children's clothing store;;;
aids resource;2;health and medicine;aids resource;;;;
dutch restaurant;3;dining and drinking;restaurant;dutch restaurant;;;
college quad;4;community and government;education;college and university;college quad;;
home service;3;business and professional services;home improvement service;home service;;;
flower store;2;retail;flower store;;;;
computer repair service;2;business and professional services;computer repair service;;;;
tapas restaurant;4;dining and drinking;restaurant;spanish restaurant;tapas restaurant;;
tibetan restaurant;4;dining and drinking;restaurant;asian restaurant;tibetan restaurant;;
stock broker;3;business and professional services;financial service;stock broker;;;
architecture firm;2;business and professional services;architecture firm;;;;
zoo;2;arts and entertainment;zoo;;;;
organization;2;community and government;organization;;;;
adult education;3;community and government;education;adult education;;;
apres ski bar;3;dining and drinking;bar;apres ski bar;;;
trattoria;4;dining and drinking;restaurant;italian restaurant;trattoria;;
cretan restaurant;4;dining and drinking;restaurant;greek restaurant;cretan restaurant;;
piedmontese restaurant;4;dining and drinking;restaurant;italian restaurant;piedmontese restaurant;;
outdoor gym;3;sports and recreation;gym and studio;outdoor gym;;;
northern brazilian restaurant;6;dining and drinking;restaurant;latin american restaurant;south american restaurant;brazilian restaurant;northern brazilian restaurant
gift store;2;retail;gift store;;;;
welding service;2;business and professional services;welding service;;;;
mosque;3;community and government;spiritual center;mosque;;;
tex-mex restaurant;4;dining and drinking;restaurant;mexican restaurant;tex-mex restaurant;;
border crossing;2;travel and transportation;border crossing;;;;
andhra restaurant;4;dining and drinking;restaurant;indian restaurant;andhra restaurant;;
chimney sweep;3;business and professional services;home improvement service;chimney sweep;;;
radio station;2;business and professional services;radio station;;;;
probation office;4;community and government;government building;law enforcement and public safety;probation office;;
rafting outfitter;3;sports and recreation;water sports;rafting outfitter;;;
cricket ground;2;sports and recreation;cricket ground;;;;
boat rental;2;travel and transportation;boat rental;;;;
domestic abuse treatment center;2;community and government;domestic abuse treatment center;;;;
motor scooter dealership;3;retail;automotive retail;motor scooter dealership;;;
west-ukrainian restaurant;4;dining and drinking;restaurant;ukrainian restaurant;west-ukrainian restaurant;;
corporate coffee shop;3;business and professional services;office;corporate coffee shop;;;
circus;2;arts and entertainment;circus;;;;
financial or legal service;2;retail;financial or legal service;;;;
pilates studio;3;sports and recreation;gym and studio;pilates studio;;;
leather supplier;2;business and professional services;leather supplier;;;;
telecommunication service;2;business and professional services;telecommunication service;;;;
chettinad restaurant;4;dining and drinking;restaurant;indian restaurant;chettinad restaurant;;
scientific equipment supplier;2;business and professional services;scientific equipment supplier;;;;
newsagent;2;retail;newsagent;;;;
bratwurst joint;4;dining and drinking;restaurant;german restaurant;bratwurst joint;;
college science building;4;community and government;education;college and university;college science building;;
persian restaurant;4;dining and drinking;restaurant;middle eastern restaurant;persian restaurant;;
tea room;3;dining and drinking;cafe, coffee, and tea house;tea room;;;
museum;2;arts and entertainment;museum;;;;
cheese store;3;retail;food and beverage retail;cheese store;;;
israeli restaurant;4;dining and drinking;restaurant;middle eastern restaurant;israeli restaurant;;
structure;2;landmarks and outdoors;structure;;;;
prayer room;3;community and government;spiritual center;prayer room;;;
deck and patio contractor;3;business and professional services;home improvement service;deck and patio contractor;;;
nature preserve;2;landmarks and outdoors;nature preserve;;;;
rv and motorhome dealership;4;retail;automotive retail;car dealership;rv and motorhome dealership;;
community center;2;community and government;community center;;;;
inn;3;travel and transportation;lodging;inn;;;
hockey;2;sports and recreation;hockey;;;;
bay;2;landmarks and outdoors;bay;;;;
acai house;6;dining and drinking;restaurant;latin american restaurant;south american restaurant;brazilian restaurant;acai house
italian restaurant;3;dining and drinking;restaurant;italian restaurant;;;
private school;3;community and government;education;private school;;;
rest area;2;travel and transportation;rest area;;;;
pawn shop;2;retail;pawn shop;;;;
newsstand;2;retail;newsstand;;;;
diner;3;dining and drinking;restaurant;diner;;;
running store;3;retail;sporting goods retail;running store;;;
comic book store;2;retail;comic book store;;;;
retirement home;2;community and government;retirement home;;;;
casino;2;arts and entertainment;casino;;;;
austrian restaurant;3;dining and drinking;restaurant;austrian restaurant;;;
tianjin restaurant;5;dining and drinking;restaurant;asian restaurant;chinese restaurant;tianjin restaurant;
vehicle inspection station;3;business and professional services;automotive service;vehicle inspection station;;;
courthouse;3;community and government;government building;courthouse;;;
bengali restaurant;4;dining and drinking;restaurant;indian restaurant;bengali restaurant;;
law school;4;community and government;education;college and university;law school;;
public transportation;3;travel and transportation;transportation service;public transportation;;;
schnitzel restaurant;4;dining and drinking;restaurant;german restaurant;schnitzel restaurant;;
entertainment service;2;business and professional services;entertainment service;;;;
henan restaurant;5;dining and drinking;restaurant;asian restaurant;chinese restaurant;henan restaurant;
research laboratory;2;business and professional services;research laboratory;;;;
storage facility;2;business and professional services;storage facility;;;;
check cashing service;3;business and professional services;financial service;check cashing service;;;
south tyrolean restaurant;4;dining and drinking;restaurant;italian restaurant;south tyrolean restaurant;;
manti place;4;dining and drinking;restaurant;turkish restaurant;manti place;;
heating, ventilating and air conditioning contractor;3;business and professional services;home improvement service;heating, ventilating and air conditioning contractor;;;
pediatrician;3;health and medicine;physician;pediatrician;;;
kuruyemişçi shop;3;retail;food and beverage retail;kuruyemişçi shop;;;
bicycle store;3;retail;sporting goods retail;bicycle store;;;
skate park;3;sports and recreation;skating;skate park;;;
resort;3;travel and transportation;lodging;resort;;;
pide place;4;dining and drinking;restaurant;turkish restaurant;pide place;;
construction;2;business and professional services;construction;;;;
som tum restaurant;5;dining and drinking;restaurant;asian restaurant;thai restaurant;som tum restaurant;
basketball;2;sports and recreation;basketball;;;;
bavarian restaurant;4;dining and drinking;restaurant;german restaurant;bavarian restaurant;;
sicilian restaurant;4;dining and drinking;restaurant;italian restaurant;sicilian restaurant;;
opera house;3;arts and entertainment;performing arts venue;opera house;;;
emilia restaurant;4;dining and drinking;restaurant;italian restaurant;emilia restaurant;;
basketball court;3;sports and recreation;basketball;basketball court;;;
college math building;4;community and government;education;college and university;college math building;;
automotive shop;2;retail;automotive shop;;;;
home appliance store;3;retail;furniture and home store;home appliance store;;;
liquor store;3;retail;food and beverage retail;liquor store;;;
skydiving center;2;sports and recreation;skydiving center;;;;
observatory;2;community and government;observatory;;;;
sukiyaki restaurant;5;dining and drinking;restaurant;asian restaurant;japanese restaurant;sukiyaki restaurant;
salsa club;2;arts and entertainment;salsa club;;;;
roman restaurant;4;dining and drinking;restaurant;italian restaurant;roman restaurant;;
transportation service;2;travel and transportation;transportation service;;;;
daycare;3;business and professional services;child care service;daycare;;;
shanghai restaurant;5;dining and drinking;restaurant;asian restaurant;chinese restaurant;shanghai restaurant;
mexican restaurant;3;dining and drinking;restaurant;mexican restaurant;;;
pop-up store;2;retail;pop-up store;;;;
rehabilitation center;2;community and government;rehabilitation center;;;;
halal restaurant;3;dining and drinking;restaurant;halal restaurant;;;
meyhane;4;dining and drinking;restaurant;turkish restaurant;meyhane;;
rock climbing spot;2;landmarks and outdoors;rock climbing spot;;;;
career counselor;2;business and professional services;career counselor;;;;
equestrian facility;2;sports and recreation;equestrian facility;;;;
buddhist temple;3;community and government;spiritual center;buddhist temple;;;
pharmacy;2;retail;pharmacy;;;;
pie shop;3;dining and drinking;dessert shop;pie shop;;;
romanian restaurant;4;dining and drinking;restaurant;eastern european restaurant;romanian restaurant;;
falafel restaurant;3;dining and drinking;restaurant;falafel restaurant;;;
swimming club;4;sports and recreation;water sports;swimming;swimming club;;
government lobbyist;2;community and government;government lobbyist;;;;
cardiologist;3;health and medicine;physician;cardiologist;;;
plastics supplier;2;business and professional services;plastics supplier;;;;
salvage yard;2;business and professional services;salvage yard;;;;
publisher;2;business and professional services;publisher;;;;
racquet sports;2;sports and recreation;racquet sports;;;;
castle;2;landmarks and outdoors;castle;;;;
electronics store;3;retail;computers and electronics retail;electronics store;;;
used car dealership;4;retail;automotive retail;car dealership;used car dealership;;
professional cleaning service;3;business and professional services;home improvement service;professional cleaning service;;;
street food gathering;3;event;marketplace;street food gathering;;;
tobacco store;2;retail;tobacco store;;;;
cemevi;3;community and government;spiritual center;cemevi;;;
winery;2;dining and drinking;winery;;;;
yucatecan restaurant;4;dining and drinking;restaurant;mexican restaurant;yucatecan restaurant;;
college auditorium;4;community and government;education;college and university;college auditorium;;
nursing home;2;health and medicine;nursing home;;;;
fashion accessories store;3;retail;fashion retail;fashion accessories store;;;
sports medicine clinic;2;health and medicine;sports medicine clinic;;;;
tv station;2;business and professional services;tv station;;;;
oral surgeon;3;health and medicine;physician;oral surgeon;;;
tantuni restaurant;4;dining and drinking;restaurant;turkish restaurant;tantuni restaurant;;
gymnastics;2;sports and recreation;gymnastics;;;;
electrical equipment supplier;2;business and professional services;electrical equipment supplier;;;;
repair service;2;business and professional services;repair service;;;;
malay restaurant;4;dining and drinking;restaurant;asian restaurant;malay restaurant;;
festival;3;event;entertainment event;festival;;;
parade;3;event;entertainment event;parade;;;
meeting room;3;business and professional services;office;meeting room;;;
baggage claim;4;travel and transportation;transport hub;airport;baggage claim;;
beer store;3;retail;food and beverage retail;beer store;;;
children's hospital;3;health and medicine;hospital;children's hospital;;;
distribution center;2;business and professional services;distribution center;;;;
college cafeteria;4;community and government;education;college and university;college cafeteria;;
nudist beach;2;landmarks and outdoors;nudist beach;;;;
laundry service;2;business and professional services;laundry service;;;;
meat and seafood store;3;retail;food and beverage retail;meat and seafood store;;;
japanese family restaurant;5;dining and drinking;restaurant;asian restaurant;japanese restaurant;japanese family restaurant;
industrial equipment supplier;2;business and professional services;industrial equipment supplier;;;;
recording studio;2;business and professional services;recording studio;;;;
fraternity house;4;community and government;education;college and university;fraternity house;;
dim sum restaurant;5;dining and drinking;restaurant;asian restaurant;chinese restaurant;dim sum restaurant;
kumpir restaurant;4;dining and drinking;restaurant;turkish restaurant;kumpir restaurant;;
friuli restaurant;4;dining and drinking;restaurant;italian restaurant;friuli restaurant;;
brazilian restaurant;5;dining and drinking;restaurant;latin american restaurant;south american restaurant;brazilian restaurant;
borek place;4;dining and drinking;restaurant;turkish restaurant;borek place;;
souvenir store;2;retail;souvenir store;;;;
bar;2;dining and drinking;bar;;;;
roof deck;2;landmarks and outdoors;roof deck;;;;
machine shop;2;business and professional services;machine shop;;;;
cupcake shop;3;dining and drinking;dessert shop;cupcake shop;;;
gourmet store;3;retail;food and beverage retail;gourmet store;;;
varenyky restaurant;4;dining and drinking;restaurant;ukrainian restaurant;varenyky restaurant;;
collections service;3;business and professional services;financial service;collections service;;;
imported food store;3;retail;food and beverage retail;imported food store;;;
river;2;landmarks and outdoors;river;;;;
czech restaurant;3;dining and drinking;restaurant;czech restaurant;;;
boxing gym;3;sports and recreation;gym and studio;boxing gym;;;
rv park;2;travel and transportation;rv park;;;;
urgent care center;2;health and medicine;urgent care center;;;;
south indian restaurant;4;dining and drinking;restaurant;indian restaurant;south indian restaurant;;
internet cafe;2;arts and entertainment;internet cafe;;;;
tennis store;3;retail;sporting goods retail;tennis store;;;
skydiving drop zone;3;sports and recreation;skydiving center;skydiving drop zone;;;
fried chicken joint;3;dining and drinking;restaurant;fried chicken joint;;;
beer festival;4;event;entertainment event;festival;beer festival;;
sorority house;4;community and government;education;college and university;sorority house;;
nabe restaurant;5;dining and drinking;restaurant;asian restaurant;japanese restaurant;nabe restaurant;
history museum;3;arts and entertainment;museum;history museum;;;
real estate service;2;business and professional services;real estate service;;;;
english restaurant;3;dining and drinking;restaurant;english restaurant;;;
spanish restaurant;3;dining and drinking;restaurant;spanish restaurant;;;
media agency;2;business and professional services;media agency;;;;
frozen yogurt shop;3;dining and drinking;dessert shop;frozen yogurt shop;;;
real estate agency;3;business and professional services;real estate service;real estate agency;;;
fuel station;2;travel and transportation;fuel station;;;;
bath house;3;business and professional services;health and beauty service;bath house;;;
lake;2;landmarks and outdoors;lake;;;;
barbershop;3;business and professional services;health and beauty service;barbershop;;;
hospice;2;health and medicine;hospice;;;;
chinese aristocrat restaurant;5;dining and drinking;restaurant;asian restaurant;chinese restaurant;chinese aristocrat restaurant;
argentinian restaurant;5;dining and drinking;restaurant;latin american restaurant;south american restaurant;argentinian restaurant;
